position,driver_number,lap_duration,meeting_key,session_key
1,1,89.708,1141,7768
2,11,89.846,1141,7768
3,16,90.0,1141,7768
4,55,90.154,1141,7768
5,14,90.336,1141,7768
6,63,90.34,1141,7768
7,44,90.384,1141,7768
8,18,90.836,1141,7768
9,31,90.984,1141,7768
10,27,,1141,7768
11,4,91.381,1141,7768
12,77,91.443,1141,7768
13,24,91.473,1141,7768
14,22,92.51,1141,7768
15,23,,1141,7768
16,2,91.652,1141,7768
17,20,91.892,1141,7768
18,81,92.101,1141,7768
19,21,92.121,1141,7768
20,10,92.181,1141,7768
1,11,88.265,1142,7775
2,14,88.73,1142,7775
3,63,88.857,1142,7775
4,55,88.931,1142,7775
5,18,88.945,1142,7775
6,31,89.078,1142,7775
7,44,89.223,1142,7775
8,81,89.243,1142,7775
9,10,89.357,1142,7775
10,27,89.451,1142,7775
11,24,89.461,1142,7775
12,16,88.42,1142,7775
13,20,89.634,1142,7775
14,77,89.668,1142,7775
15,1,109.953,1142,7775
16,22,89.939,1142,7775
17,23,89.994,1142,7775
18,21,90.244,1142,7775
19,4,90.447,1142,7775
20,2,128.51,1142,7775
1,1,76.732,1143,7783
2,63,76.968,1143,7783
3,44,77.104,1143,7783
4,14,77.139,1143,7783
5,55,77.27,1143,7783
6,18,77.308,1143,7783
7,16,77.369,1143,7783
8,23,77.609,1143,7783
9,10,77.675,1143,7783
10,27,77.735,1143,7783
11,31,77.768,1143,7783
12,22,78.099,1143,7783
13,4,78.119,1143,7783
14,20,78.129,1143,7783
15,21,78.335,1143,7783
16,81,78.517,1143,7783
17,24,78.54,1143,7783
18,2,78.557,1143,7783
1,11,86.841,1208,9074
2,14,87.202,1208,9074
3,55,87.349,1208,9074
4,20,87.767,1208,9074
5,10,87.786,1208,9074
6,63,87.804,1208,9074
7,16,87.861,1208,9074
8,31,87.935,1208,9074
9,1,,1208,9074
10,77,,1208,9074
11,23,87.795,1208,9074
12,27,87.903,1208,9074
13,44,87.975,1208,9074
14,24,88.091,1208,9074
15,21,88.395,1208,9074
16,4,88.394,1208,9074
17,22,88.429,1208,9074
18,18,88.476,1208,9074
19,81,88.484,1208,9074
20,2,88.577,1208,9074
1,1,71.365,1210,9090
2,14,71.449,1210,9090
3,31,71.553,1210,9090
4,55,71.63,1210,9090
5,44,71.725,1210,9090
6,16,71.471,1210,9090
7,10,71.933,1210,9090
8,63,71.964,1210,9090
9,22,72.082,1210,9090
10,4,72.254,1210,9090
11,81,72.395,1210,9090
12,21,72.428,1210,9090
13,23,72.527,1210,9090
14,18,72.623,1210,9090
15,77,72.625,1210,9090
16,2,73.113,1210,9090
17,20,73.27,1210,9090
18,27,73.279,1210,9090
19,24,73.523,1210,9090
20,11,73.85,1210,9090
1,1,72.272,1211,9098
2,55,72.734,1211,9098
3,4,72.792,1211,9098
4,44,72.818,1211,9098
5,18,72.994,1211,9098
6,31,73.083,1211,9098
7,27,73.229,1211,9098
8,14,73.507,1211,9098
9,81,73.682,1211,9098
10,10,72.816,1211,9098
11,11,73.334,1211,9098
12,63,73.447,1211,9098
13,24,73.521,1211,9098
14,21,74.083,1211,9098
15,22,74.477,1211,9098
16,77,73.977,1211,9098
17,20,74.042,1211,9098
18,23,74.063,1211,9098
19,16,74.079,1211,9098
20,2,74.699,1211,9098
1,1,85.858,1212,9106
2,14,87.286,1212,9106
3,44,87.627,1212,9106
4,63,87.893,1212,9106
5,27,87.102,1212,9106
6,31,87.945,1212,9106
7,4,88.046,1212,9106
8,81,91.349,1212,9106
9,23,,1212,9106
10,16,80.615,1212,9106
11,55,89.294,1212,9106
12,11,80.959,1212,9106
13,20,81.678,1212,9106
14,77,81.821,1212,9106
15,10,82.886,1212,9106
16,18,81.484,1212,9106
17,21,83.137,1212,9106
18,2,83.337,1212,9106
19,22,82.746,1212,9106
20,24,83.342,1212,9106
1,1,64.391,1213,9112
2,16,64.439,1213,9112
3,55,64.581,1213,9112
4,4,64.658,1213,9112
5,44,64.819,1213,9112
6,18,64.893,1213,9112
7,14,64.911,1213,9112
8,27,65.09,1213,9112
9,10,65.17,1213,9112
10,23,65.823,1213,9112
11,63,65.428,1213,9112
12,31,65.453,1213,9112
13,81,65.605,1213,9112
14,77,65.68,1213,9112
15,11,126.688,1213,9112
16,22,65.784,1213,9112
17,24,65.818,1213,9112
18,2,65.948,1213,9112
19,20,65.971,1213,9112
20,21,65.974,1213,9112
1,1,86.72,1214,9122
2,4,86.961,1214,9122
3,81,87.092,1214,9122
4,16,87.136,1214,9122
5,55,87.148,1214,9122
6,63,87.155,1214,9122
7,44,87.211,1214,9122
8,23,87.53,1214,9122
9,14,87.659,1214,9122
10,10,87.689,1214,9122
11,27,88.896,1214,9122
12,18,88.935,1214,9122
13,31,88.956,1214,9122
14,2,89.031,1214,9122
15,11,89.968,1214,9122
16,22,90.025,1214,9122
17,24,90.123,1214,9122
18,21,90.513,1214,9122
19,20,92.378,1214,9122
20,77,,1214,9122
1,44,76.609,1215,9129
2,1,76.612,1215,9129
3,4,76.694,1215,9129
4,81,76.905,1215,9129
5,24,76.971,1215,9129
6,16,76.992,1215,9129
7,77,77.034,1215,9129
8,14,77.035,1215,9129
9,11,77.045,1215,9129
10,27,77.186,1215,9129
11,55,77.703,1215,9129
12,31,77.841,1215,9129
13,3,78.002,1215,9129
14,18,78.144,1215,9129
15,10,78.217,1215,9129
16,23,78.917,1215,9129
17,22,78.919,1215,9129
18,63,79.027,1215,9129
19,20,79.206,1215,9129
20,2,79.248,1215,9129
1,16,106.988,1216,9135
2,11,107.045,1216,9135
3,44,107.087,1216,9135
4,55,107.152,1216,9135
5,81,107.365,1216,9135
6,1,106.168,1216,9135
7,4,107.669,1216,9135
8,63,107.805,1216,9135
9,14,107.843,1216,9135
10,18,108.841,1216,9135
11,22,113.148,1216,9135
12,10,113.671,1216,9135
13,77,114.694,1216,9135
14,31,116.372,1216,9135
15,23,120.314,1216,9135
16,20,114.16,1216,9135
17,24,120.832,1216,9135
18,2,121.535,1216,9135
19,3,122.159,1216,9135
20,27,123.166,1216,9135
1,1,70.567,1217,9145
2,4,71.104,1217,9145
3,63,71.294,1217,9145
4,23,71.419,1217,9145
5,14,71.506,1217,9145
6,55,71.754,1217,9145
7,11,71.88,1217,9145
8,81,71.938,1217,9145
9,16,72.665,1217,9145
10,2,76.748,1217,9145
11,18,80.121,1217,9145
12,10,80.128,1217,9145
13,44,80.151,1217,9145
14,27,80.25,1217,9145
15,24,82.067,1217,9145
16,31,82.11,1217,9145
17,22,80.23,1217,9145
18,77,82.26,1217,9145
19,40,83.42,1217,9145
1,55,80.294,1218,9153
2,1,80.307,1218,9153
3,16,80.361,1218,9153
4,63,80.671,1218,9153
5,11,80.688,1218,9153
6,23,80.76,1218,9153
7,81,80.785,1218,9153
8,44,80.82,1218,9153
9,4,80.979,1218,9153
10,14,81.417,1218,9153
11,22,81.594,1218,9153
12,40,81.758,1218,9153
13,27,81.776,1218,9153
14,77,81.94,1218,9153
15,2,81.944,1218,9153
16,24,82.39,1218,9153
17,10,82.545,1218,9153
18,31,82.548,1218,9153
19,20,82.592,1218,9153
20,18,82.86,1218,9153
1,55,90.984,1219,9161
2,63,91.056,1219,9161
3,16,91.063,1219,9161
4,4,91.27,1219,9161
5,44,91.485,1219,9161
6,20,91.575,1219,9161
7,14,91.615,1219,9161
8,31,91.673,1219,9161
9,27,91.808,1219,9161
10,40,92.268,1219,9161
11,1,92.173,1219,9161
12,10,92.274,1219,9161
13,11,92.31,1219,9161
14,23,93.719,1219,9161
15,22,,1219,9161
16,77,92.809,1219,9161
17,81,92.902,1219,9161
18,2,93.252,1219,9161
19,24,93.258,1219,9161
20,18,93.397,1219,9161
1,1,88.877,1220,9169
2,81,89.458,1220,9169
3,4,89.493,1220,9169
4,16,89.542,1220,9169
5,11,89.65,1220,9169
6,55,89.85,1220,9169
7,44,89.908,1220,9169
8,63,90.219,1220,9169
9,22,90.303,1220,9169
10,14,90.56,1220,9169
11,40,90.508,1220,9169
12,10,90.509,1220,9169
13,23,90.537,1220,9169
14,31,90.586,1220,9169
15,20,90.665,1220,9169
16,77,91.049,1220,9169
17,18,91.181,1220,9169
18,27,91.299,1220,9169
19,24,91.398,1220,9169
20,2,,1220,9169
1,1,83.778,1221,9215
2,63,84.219,1221,9215
3,44,84.305,1221,9215
4,14,84.369,1221,9215
5,16,84.424,1221,9215
6,81,84.54,1221,9215
7,10,84.553,1221,9215
8,31,84.763,1221,9215
9,77,85.058,1221,9215
10,4,,1221,9215
11,22,85.301,1221,9215
12,55,85.328,1221,9215
13,23,85.707,1221,9215
14,27,85.783,1221,9215
15,2,86.21,1221,9215
16,18,86.345,1221,9215
17,40,86.635,1221,9215
18,20,87.046,1221,9215
19,24,87.432,1221,9215
20,11,85.462,1221,9215
1,16,94.723,1222,9207
2,4,94.853,1222,9207
3,44,94.862,1222,9207
4,55,94.945,1222,9207
5,63,95.079,1222,9207
6,1,95.081,1222,9207
7,10,95.089,1222,9207
8,31,95.154,1222,9207
9,11,95.173,1222,9207
10,81,95.467,1222,9207
11,22,95.697,1222,9207
12,24,95.698,1222,9207
13,77,95.858,1222,9207
14,3,95.974,1222,9207
15,23,96.315,1222,9207
16,2,96.827,1222,9207
17,20,95.88,1222,9207
18,27,96.235,1222,9207
19,14,96.268,1222,9207
20,18,96.589,1222,9207
1,16,77.166,1223,9177
2,55,77.233,1223,9177
3,1,77.263,1223,9177
4,3,77.382,1223,9177
5,11,77.423,1223,9177
6,44,77.454,1223,9177
7,81,77.623,1223,9177
8,63,77.674,1223,9177
9,77,78.032,1223,9177
10,24,78.05,1223,9177
11,10,78.521,1223,9177
12,27,78.524,1223,9177
13,14,78.738,1223,9177
14,23,79.147,1223,9177
15,31,79.08,1223,9177
16,20,79.163,1223,9177
17,4,81.554,1223,9177
18,22,,1223,9177
19,2,,1223,9177
20,18,79.227,1223,9177
1,1,70.727,1224,9304
2,16,71.021,1224,9304
3,18,71.344,1224,9304
4,14,71.387,1224,9304
5,44,71.469,1224,9304
6,4,71.987,1224,9304
7,55,71.989,1224,9304
8,63,71.59,1224,9304
9,11,72.321,1224,9304
10,81,,1224,9304
11,27,70.547,1224,9304
12,20,70.723,1224,9304
13,23,70.84,1224,9304
14,31,70.562,1224,9304
15,10,70.567,1224,9304
16,22,70.837,1224,9304
17,3,70.843,1224,9304
18,77,70.955,1224,9304
19,2,71.035,1224,9304
20,24,71.275,1224,9304
1,16,92.726,1225,9314
2,1,93.104,1225,9314
3,63,93.112,1225,9314
4,10,93.239,1225,9314
5,23,93.323,1225,9314
6,2,93.513,1225,9314
7,77,93.525,1225,9314
8,20,93.537,1225,9314
9,14,93.555,1225,9314
10,44,93.837,1225,9314
11,11,93.855,1225,9314
12,55,92.77,1225,9314
13,27,93.979,1225,9314
14,3,94.308,1225,9314
15,4,94.703,1225,9314
16,31,94.834,1225,9314
17,24,94.849,1225,9314
18,81,94.85,1225,9314
19,18,94.199,1225,9314
20,22,96.447,1225,9314
1,1,83.445,1226,9193
2,16,83.584,1226,9193
3,81,83.782,1226,9193
4,63,83.788,1226,9193
5,4,83.816,1226,9193
6,22,83.968,1226,9193
7,14,84.084,1226,9193
8,27,84.108,1226,9193
9,11,84.171,1226,9193
10,10,84.548,1226,9193
11,44,84.359,1226,9193
12,31,84.391,1226,9193
13,18,84.422,1226,9193
14,23,84.439,1226,9193
15,3,84.442,1226,9193
16,55,84.738,1226,9193
17,20,84.764,1226,9193
18,77,84.788,1226,9193
19,24,85.159,1226,9193
20,2,,1226,9193
1,1,89.179,1229,9468
2,16,89.407,1229,9468
3,63,89.485,1229,9468
4,55,89.507,1229,9468
5,11,89.537,1229,9468
6,14,89.542,1229,9468
7,4,89.614,1229,9468
8,81,89.683,1229,9468
9,44,89.71,1229,9468
10,27,90.502,1229,9468
11,22,90.129,1229,9468
12,18,90.2,1229,9468
13,23,90.221,1229,9468
14,3,90.278,1229,9468
15,20,90.529,1229,9468
16,77,90.756,1229,9468
17,24,90.757,1229,9468
18,2,90.77,1229,9468
19,31,90.793,1229,9468
20,10,90.948,1229,9468
1,1,87.472,1230,9476
2,16,87.791,1230,9476
3,11,87.807,1230,9476
4,14,87.846,1230,9476
5,81,88.089,1230,9476
6,4,88.132,1230,9476
7,63,88.316,1230,9476
8,44,88.46,1230,9476
9,22,88.547,1230,9476
10,18,88.572,1230,9476
11,38,88.642,1230,9476
12,23,88.98,1230,9476
13,20,89.02,1230,9476
14,3,89.025,1230,9476
15,27,,1230,9476
16,77,89.179,1230,9476
17,31,89.475,1230,9476
18,10,89.479,1230,9476
19,2,89.526,1230,9476
20,24,,1230,9476
1,1,75.915,1231,9484
2,55,76.185,1231,9484
3,4,76.315,1231,9484
4,16,76.435,1231,9484
5,81,76.572,1231,9484
6,11,76.274,1231,9484
7,63,76.724,1231,9484
8,22,76.788,1231,9484
9,18,77.072,1231,9484
10,14,77.552,1231,9484
11,44,76.96,1231,9484
12,23,77.167,1231,9484
13,77,77.34,1231,9484
14,20,77.427,1231,9484
15,31,77.697,1231,9484
16,27,77.976,1231,9484
17,10,77.982,1231,9484
18,3,78.085,1231,9484
19,24,78.188,1231,9484
1,1,88.197,1232,9492
2,11,88.263,1232,9492
3,4,88.489,1232,9492
4,55,88.682,1232,9492
5,14,88.686,1232,9492
6,81,88.76,1232,9492
7,44,88.766,1232,9492
8,16,88.786,1232,9492
9,63,89.008,1232,9492
10,22,89.413,1232,9492
11,3,89.472,1232,9492
12,27,89.494,1232,9492
13,77,89.593,1232,9492
14,23,89.714,1232,9492
15,31,89.816,1232,9492
16,18,90.024,1232,9492
17,10,90.119,1232,9492
18,20,90.131,1232,9492
19,2,90.139,1232,9492
20,24,90.143,1232,9492
1,1,93.66,1233,9664
2,11,93.982,1233,9664
3,14,94.148,1233,9664
4,4,94.165,1233,9664
5,81,94.273,1233,9664
6,16,94.289,1233,9664
7,55,94.297,1233,9664
8,63,94.433,1233,9664
9,27,94.604,1233,9664
10,77,94.665,1233,9664
11,18,94.838,1233,9664
12,3,94.934,1233,9664
13,31,95.223,1233,9664
14,23,95.241,1233,9664
15,10,95.463,1233,9664
16,24,95.505,1233,9664
17,20,95.516,1233,9664
18,44,95.573,1233,9664
19,22,95.746,1233,9664
20,2,96.358,1233,9664
1,1,87.241,1234,9498
2,16,87.382,1234,9498
3,55,87.455,1234,9498
4,11,87.46,1234,9498
5,4,87.594,1234,9498
6,81,87.675,1234,9498
7,63,88.067,1234,9498
8,44,88.107,1234,9498
9,27,88.146,1234,9498
10,22,88.192,1234,9498
11,18,88.222,1234,9498
12,10,88.324,1234,9498
13,31,88.371,1234,9498
14,23,88.413,1234,9498
15,14,88.427,1234,9498
16,77,88.463,1234,9498
17,2,88.487,1234,9498
18,20,88.619,1234,9498
19,24,88.824,1234,9498
20,3,88.617,1234,9498
1,1,74.746,1235,9511
2,4,74.837,1235,9511
3,16,74.97,1235,9511
4,55,75.233,1235,9511
5,81,74.82,1235,9511
6,63,75.234,1235,9511
7,22,75.465,1235,9511
8,44,75.504,1235,9511
9,3,75.674,1235,9511
10,27,75.98,1235,9511
11,11,75.706,1235,9511
12,31,75.906,1235,9511
13,18,75.992,1235,9511
14,23,76.2,1235,9511
15,10,76.381,1235,9511
16,77,76.626,1235,9511
17,24,76.834,1235,9511
18,20,76.854,1235,9511
19,2,,1235,9511
20,14,76.917,1235,9511
1,16,70.27,1236,9519
2,81,70.424,1236,9519
3,55,70.518,1236,9519
4,4,70.542,1236,9519
5,63,70.543,1236,9519
6,1,70.567,1236,9519
7,44,70.621,1236,9519
8,22,70.858,1236,9519
9,23,70.948,1236,9519
10,10,71.311,1236,9519
11,31,71.285,1236,9519
12,3,71.482,1236,9519
13,18,71.563,1236,9519
14,14,72.019,1236,9519
15,2,72.02,1236,9519
16,11,72.06,1236,9519
17,77,72.512,1236,9519
18,24,73.028,1236,9519
19,27,,1236,9519
20,20,,1236,9519
1,63,72.0,1237,9527
2,1,72.0,1237,9527
3,4,72.021,1237,9527
4,81,72.103,1237,9527
5,3,72.178,1237,9527
6,14,72.228,1237,9527
7,44,72.28,1237,9527
8,22,72.414,1237,9527
9,18,72.701,1237,9527
10,23,72.796,1237,9527
11,16,72.691,1237,9527
12,55,72.728,1237,9527
13,2,72.736,1237,9527
14,20,72.916,1237,9527
15,10,72.94,1237,9527
16,11,73.326,1237,9527
17,27,73.978,1237,9527
18,31,73.435,1237,9527
19,77,73.366,1237,9527
20,24,74.292,1237,9527
1,1,64.314,1239,9541
2,4,64.718,1239,9541
3,63,64.84,1239,9541
4,55,64.851,1239,9541
5,44,64.903,1239,9541
6,16,65.044,1239,9541
7,81,65.048,1239,9541
8,11,65.202,1239,9541
9,27,65.385,1239,9541
10,31,65.883,1239,9541
11,3,65.289,1239,9541
12,20,65.347,1239,9541
13,10,65.359,1239,9541
14,22,65.412,1239,9541
15,14,65.639,1239,9541
16,23,65.736,1239,9541
17,18,65.819,1239,9541
18,77,65.847,1239,9541
19,2,65.856,1239,9541
20,24,66.061,1239,9541
1,63,85.819,1240,9554
2,44,85.99,1240,9554
3,4,86.03,1240,9554
4,1,86.203,1240,9554
5,81,86.237,1240,9554
6,27,86.338,1240,9554
7,55,86.509,1240,9554
8,18,86.585,1240,9554
9,23,86.64,1240,9554
10,14,86.917,1240,9554
11,16,87.097,1240,9554
12,2,87.175,1240,9554
13,22,87.269,1240,9554
14,24,87.867,1240,9554
15,3,87.949,1240,9554
16,77,92.431,1240,9554
17,20,92.905,1240,9554
18,31,94.557,1240,9554
19,11,98.348,1240,9554
20,10,99.804,1240,9554
1,4,75.227,1241,9562
2,81,75.249,1241,9562
3,1,75.273,1241,9562
4,55,75.696,1241,9562
5,44,75.854,1241,9562
6,16,75.905,1241,9562
7,14,76.043,1241,9562
8,18,76.244,1241,9562
9,3,76.447,1241,9562
10,22,76.477,1241,9562
11,27,76.317,1241,9562
12,77,76.384,1241,9562
13,23,76.429,1241,9562
14,2,76.543,1241,9562
15,20,76.548,1241,9562
16,11,77.886,1241,9562
17,63,77.968,1241,9562
18,24,78.037,1241,9562
19,31,78.049,1241,9562
20,10,78.166,1241,9562
1,16,113.754,1242,9570
2,11,113.765,1242,9570
3,44,113.835,1242,9570
4,4,113.981,1242,9570
5,81,114.027,1242,9570
6,63,114.184,1242,9570
7,55,114.477,1242,9570
8,14,114.765,1242,9570
9,31,114.81,1242,9570
10,23,114.473,1242,9570
11,1,113.159,1242,9570
12,10,114.635,1242,9570
13,3,114.682,1242,9570
14,77,114.764,1242,9570
15,18,115.716,1242,9570
16,27,116.308,1242,9570
17,20,116.5,1242,9570
18,2,117.23,1242,9570
19,24,117.775,1242,9570
20,22,116.593,1242,9570
1,4,69.673,1243,9578
2,1,70.029,1243,9578
3,81,70.172,1243,9578
4,63,70.244,1243,9578
5,11,70.416,1243,9578
6,16,70.582,1243,9578
7,14,70.633,1243,9578
8,18,70.857,1243,9578
9,10,70.977,1243,9578
10,55,70.914,1243,9578
11,22,70.955,1243,9578
12,27,71.215,1243,9578
13,3,71.943,1243,9578
14,44,70.948,1243,9578
15,31,71.995,1243,9578
16,77,72.168,1243,9578
17,24,73.261,1243,9578
18,2,,1243,9578
19,23,,1243,9578
20,20,71.295,1243,9578
1,4,79.327,1244,9586
2,81,79.436,1244,9586
3,63,79.44,1244,9586
4,16,79.461,1244,9586
5,55,79.467,1244,9586
6,44,79.513,1244,9586
7,1,80.022,1244,9586
8,11,80.062,1244,9586
9,23,80.299,1244,9586
10,27,80.339,1244,9586
11,14,80.421,1244,9586
12,3,80.479,1244,9586
13,20,80.698,1244,9586
14,10,80.738,1244,9586
15,31,80.766,1244,9586
16,22,80.945,1244,9586
17,18,81.013,1244,9586
18,43,81.061,1244,9586
19,77,81.101,1244,9586
20,24,81.445,1244,9586
1,16,101.365,1245,9594
2,81,101.686,1245,9594
3,55,101.805,1245,9594
4,11,101.813,1245,9594
5,63,101.874,1245,9594
6,1,102.023,1245,9594
7,14,102.369,1245,9594
8,43,102.53,1245,9594
9,23,102.859,1245,9594
10,50,102.968,1245,9594
11,22,103.035,1245,9594
12,27,103.191,1245,9594
13,18,103.404,1245,9594
14,3,103.547,1245,9594
15,4,103.609,1245,9594
16,77,103.618,1245,9594
17,24,104.246,1245,9594
18,10,,1245,9594
19,44,102.289,1245,9594
20,31,104.504,1245,9594
1,4,89.525,1246,9602
2,1,89.728,1246,9602
3,44,89.841,1246,9602
4,63,89.867,1246,9602
5,81,89.953,1246,9602
6,27,90.115,1246,9602
7,14,90.214,1246,9602
8,22,90.354,1246,9602
9,16,,1246,9602
10,55,,1246,9602
11,23,90.474,1246,9602
12,43,90.481,1246,9602
13,11,90.579,1246,9602
14,20,90.653,1246,9602
15,31,90.769,1246,9602
16,3,91.085,1246,9602
17,18,91.094,1246,9602
18,10,91.312,1246,9602
19,77,91.572,1246,9602
20,24,92.054,1246,9602
1,4,92.33,1247,9608
2,1,92.361,1247,9608
3,55,92.652,1247,9608
4,16,92.74,1247,9608
5,81,92.95,1247,9608
6,10,93.018,1247,9608
7,14,93.309,1247,9608
8,20,93.481,1247,9608
9,11,,1247,9608
10,22,93.506,1247,9608
11,27,93.544,1247,9608
12,31,93.597,1247,9608
13,18,93.759,1247,9608
14,23,94.051,1247,9608
15,43,94.062,1247,9608
16,77,94.152,1247,9608
17,44,94.154,1247,9608
18,24,94.228,1247,9608
19,30,,1247,9608
20,63,92.974,1247,9608
1,55,75.946,1248,9621
2,1,76.171,1248,9621
3,4,76.26,1248,9621
4,16,76.265,1248,9621
5,63,76.356,1248,9621
6,44,76.651,1248,9621
7,20,76.886,1248,9621
8,10,76.892,1248,9621
9,23,77.065,1248,9621
10,27,77.365,1248,9621
11,22,77.129,1248,9621
12,30,77.162,1248,9621
13,14,77.168,1248,9621
14,18,77.294,1248,9621
15,77,77.817,1248,9621
16,43,77.558,1248,9621
17,81,77.597,1248,9621
18,11,77.611,1248,9621
19,24,78.072,1248,9621
20,31,77.617,1248,9621
1,4,83.405,1249,9627
2,63,83.578,1249,9627
3,22,84.111,1249,9627
4,31,84.475,1249,9627
5,30,84.484,1249,9627
6,16,84.525,1249,9627
7,23,84.657,1249,9627
8,81,84.686,1249,9627
9,14,88.998,1249,9627
10,18,,1249,9627
11,77,86.472,1249,9627
12,11,88.158,1249,9627
13,10,89.614,1249,9627
14,44,91.15,1249,9627
15,50,91.229,1249,9627
16,43,91.27,1249,9627
17,1,87.771,1249,9627
18,27,91.623,1249,9627
19,24,92.263,1249,9627
20,55,89.406,1249,9627
1,63,92.312,1250,9640
2,55,92.41,1250,9640
3,10,92.664,1250,9640
4,16,92.783,1250,9640
5,1,92.797,1250,9640
6,4,93.008,1250,9640
7,22,93.029,1250,9640
8,81,93.033,1250,9640
9,27,93.062,1250,9640
10,44,108.106,1250,9640
11,31,93.221,1250,9640
12,20,93.297,1250,9640
13,24,93.566,1250,9640
14,30,94.257,1250,9640
15,11,94.155,1250,9640
16,14,94.258,1250,9640
17,23,94.425,1250,9640
18,18,94.484,1250,9640
19,77,94.43,1250,9640
20,43,93.749,1250,9640
1,63,80.575,1251,9646
2,1,80.52,1251,9646
3,4,80.772,1251,9646
4,81,80.829,1251,9646
5,16,80.852,1251,9646
6,44,81.011,1251,9646
7,55,81.041,1251,9646
8,14,81.251,1251,9646
9,11,81.425,1251,9646
10,20,81.5,1251,9646
11,10,81.437,1251,9646
12,24,81.501,1251,9646
13,77,81.731,1251,9646
14,22,81.771,1251,9646
15,18,81.911,1251,9646
16,23,82.39,1251,9646
17,30,82.411,1251,9646
18,27,82.442,1251,9646
19,43,82.594,1251,9646
20,31,82.714,1251,9646
1,4,82.595,1252,9658
2,81,82.804,1252,9658
3,55,82.824,1252,9658
4,1,82.945,1252,9658
5,10,82.984,1252,9658
6,63,83.132,1252,9658
7,27,82.886,1252,9658
8,14,83.196,1252,9658
9,77,83.204,1252,9658
10,11,83.264,1252,9658
11,22,83.419,1252,9658
12,30,83.472,1252,9658
13,18,83.784,1252,9658
14,20,83.877,1252,9658
15,24,83.88,1252,9658
16,44,83.887,1252,9658
17,61,84.105,1252,9658
18,23,83.821,1252,9658
19,16,83.833,1252,9658
20,43,83.912,1252,9658
1,4,75.096,1254,9689
2,81,75.18,1254,9689
3,1,75.481,1254,9689
4,63,75.546,1254,9689
5,22,75.67,1254,9689
6,23,75.737,1254,9689
7,16,75.755,1254,9689
8,44,75.973,1254,9689
9,10,75.98,1254,9689
10,55,76.062,1254,9689
11,6,76.175,1254,9689
12,14,76.453,1254,9689
13,18,76.483,1254,9689
14,7,76.863,1254,9689
15,5,77.52,1254,9689
16,12,76.525,1254,9689
17,27,76.579,1254,9689
18,30,77.094,1254,9689
19,31,77.147,1254,9689
20,87,,1254,9689
1,81,90.641,1255,9994
2,63,90.723,1255,9994
3,4,90.793,1255,9994
4,1,90.817,1255,9994
5,44,90.927,1255,9994
6,16,91.021,1255,9994
7,6,91.079,1255,9994
8,12,91.103,1255,9994
9,22,91.638,1255,9994
10,23,91.706,1255,9994
11,31,91.625,1255,9994
12,27,91.632,1255,9994
13,14,91.688,1255,9994
14,18,91.773,1255,9994
15,55,91.84,1255,9994
16,10,91.992,1255,9994
17,87,92.018,1255,9994
18,7,92.092,1255,9994
19,5,92.141,1255,9994
20,30,92.174,1255,9994
1,1,86.983,1256,10002
2,4,86.995,1256,10002
3,81,87.027,1256,10002
4,16,87.299,1256,10002
5,63,87.318,1256,10002
6,12,87.555,1256,10002
7,6,87.569,1256,10002
8,44,87.61,1256,10002
9,23,87.615,1256,10002
10,87,87.867,1256,10002
11,10,87.822,1256,10002
12,14,87.897,1256,10002
13,30,87.906,1256,10002
14,22,88.0,1256,10002
15,55,87.836,1256,10002
16,27,88.57,1256,10002
17,5,88.622,1256,10002
18,31,88.696,1256,10002
19,7,88.877,1256,10002
20,18,89.271,1256,10002
1,81,89.841,1257,10010
2,16,90.175,1257,10010
3,63,90.009,1257,10010
4,10,90.216,1257,10010
5,12,90.213,1257,10010
6,4,90.267,1257,10010
7,1,90.423,1257,10010
8,55,90.68,1257,10010
9,44,90.772,1257,10010
10,22,91.303,1257,10010
11,7,91.245,1257,10010
12,6,91.271,1257,10010
13,14,91.886,1257,10010
14,31,,1257,10010
15,23,,1257,10010
16,27,92.067,1257,10010
17,30,92.165,1257,10010
18,5,92.186,1257,10010
19,18,92.283,1257,10010
20,87,92.373,1257,10010
1,1,87.294,1258,10018
2,81,87.304,1258,10018
3,63,87.407,1258,10018
4,16,87.67,1258,10018
5,12,87.866,1258,10018
6,55,88.164,1258,10018
7,44,88.201,1258,10018
8,22,88.204,1258,10018
9,10,88.367,1258,10018
10,4,,1258,10018
11,23,88.109,1258,10018
12,30,88.191,1258,10018
13,14,88.303,1258,10018
14,6,88.418,1258,10018
15,87,88.648,1258,10018
16,18,88.645,1258,10018
17,7,88.739,1258,10018
18,27,88.782,1258,10018
19,31,89.092,1258,10018
20,5,89.462,1258,10018
1,1,86.204,1259,10029
2,4,86.269,1259,10029
3,12,86.271,1259,10029
4,81,86.375,1259,10029
5,63,86.385,1259,10029
6,55,86.569,1259,10029
7,23,86.682,1259,10029
8,16,86.754,1259,10029
9,31,86.824,1259,10029
10,22,86.943,1259,10029
11,6,86.987,1259,10029
12,44,87.006,1259,10029
13,5,87.151,1259,10029
14,7,87.186,1259,10029
15,30,87.363,1259,10029
16,27,87.473,1259,10029
17,14,87.604,1259,10029
18,18,87.83,1259,10029
19,87,87.999,1259,10029
20,10,87.71,1259,10029
1,81,74.67,1260,9983
2,1,74.704,1260,9983
3,63,74.807,1260,9983
4,4,74.962,1260,9983
5,14,75.431,1260,9983
6,55,75.432,1260,9983
7,23,75.473,1260,9983
8,18,75.581,1260,9983
9,6,75.746,1260,9983
10,10,75.787,1260,9983
11,16,75.604,1260,9983
12,44,75.765,1260,9983
13,12,75.772,1260,9983
14,5,76.26,1260,9983
15,30,76.379,1260,9983
16,43,,1260,9983
17,27,76.518,1260,9983
18,31,76.613,1260,9983
19,87,76.918,1260,9983
20,22,,1260,9983
1,4,69.954,1261,9975
2,16,70.063,1261,9975
3,81,70.129,1261,9975
4,1,70.669,1261,9975
5,6,70.923,1261,9975
6,14,70.924,1261,9975
7,44,70.382,1261,9975
8,31,70.942,1261,9975
9,30,71.129,1261,9975
10,23,71.213,1261,9975
11,55,71.362,1261,9975
12,22,71.415,1261,9975
13,27,71.596,1261,9975
14,63,,1261,9975
15,12,,1261,9975
16,5,71.902,1261,9975
17,10,71.994,1261,9975
18,43,72.597,1261,9975
19,18,72.563,1261,9975
20,87,71.979,1261,9975
1,81,71.546,1262,9967
2,4,71.755,1262,9967
3,1,71.848,1262,9967
4,63,71.848,1262,9967
5,44,72.045,1262,9967
6,12,72.111,1262,9967
7,16,72.131,1262,9967
8,10,72.199,1262,9967
9,6,72.252,1262,9967
10,14,72.284,1262,9967
11,23,72.641,1262,9967
12,5,72.756,1262,9967
13,30,72.763,1262,9967
14,18,73.058,1262,9967
15,87,73.315,1262,9967
16,27,73.19,1262,9967
17,31,73.201,1262,9967
18,55,73.203,1262,9967
19,43,73.334,1262,9967
20,22,73.385,1262,9967
1,63,70.899,1263,9959
2,1,71.059,1263,9959
3,81,71.12,1263,9959
4,12,71.391,1263,9959
5,44,71.526,1263,9959
6,14,71.586,1263,9959
7,4,71.625,1263,9959
8,16,71.682,1263,9959
9,23,71.907,1263,9959
10,43,72.142,1263,9959
11,27,72.183,1263,9959
12,6,71.867,1263,9959
13,87,72.34,1263,9959
14,31,72.634,1263,9959
15,5,72.385,1263,9959
16,55,72.398,1263,9959
17,18,72.517,1263,9959
18,22,72.102,1263,9959
19,30,72.525,1263,9959
20,10,72.667,1263,9959
1,4,63.971,1264,9951
2,16,64.492,1264,9951
3,81,64.554,1264,9951
4,44,64.582,1264,9951
5,63,64.763,1264,9951
6,30,64.926,1264,9951
7,1,64.929,1264,9951
8,5,65.132,1264,9951
9,12,65.276,1264,9951
10,10,65.649,1264,9951
11,14,65.128,1264,9951
12,23,65.205,1264,9951
13,6,65.226,1264,9951
14,43,65.288,1264,9951
15,87,65.312,1264,9951
16,18,65.329,1264,9951
17,31,65.364,1264,9951
18,22,65.369,1264,9951
19,55,65.582,1264,9951
20,27,65.606,1264,9951
1,1,84.892,1277,9943
2,81,84.995,1277,9943
3,4,85.01,1277,9943
4,63,85.029,1277,9943
5,44,85.095,1277,9943
6,16,85.121,1277,9943
7,14,85.621,1277,9943
8,10,85.785,1277,9943
9,55,85.746,1277,9943
10,12,85.374,1277,9943
11,22,85.826,1277,9943
12,6,85.864,1277,9943
13,23,85.889,1277,9943
14,31,85.95,1277,9943
15,30,86.44,1277,9943
16,5,86.446,1277,9943
17,18,86.504,1277,9943
18,87,85.471,1277,9943
19,27,86.574,1277,9943
20,43,87.06,1277,9943
1,4,100.562,1265,9935
2,81,100.647,1265,9935
3,16,100.9,1265,9935
4,1,100.903,1265,9935
5,23,101.201,1265,9935
6,63,101.26,1265,9935
7,22,101.284,1265,9935
8,6,101.31,1265,9935
9,30,101.328,1265,9935
10,5,102.387,1265,9935
11,31,101.525,1265,9935
12,87,101.617,1265,9935
13,10,101.633,1265,9935
14,27,101.707,1265,9935
15,43,102.022,1265,9935
16,18,102.502,1265,9935
17,55,101.758,1265,9935
18,44,101.939,1265,9935
19,12,102.139,1265,9935
20,14,102.385,1265,9935
1,16,75.372,1266,9924
2,81,75.398,1266,9924
3,4,75.413,1266,9924
4,63,75.425,1266,9924
5,14,75.481,1266,9924
6,18,75.498,1266,9924
7,5,75.725,1266,9924
8,1,75.728,1266,9924
9,30,75.821,1266,9924
10,6,75.915,1266,9924
11,87,75.694,1266,9924
12,44,75.702,1266,9924
13,55,75.781,1266,9924
14,43,76.159,1266,9924
15,12,76.386,1266,9924
16,22,75.899,1266,9924
17,10,75.966,1266,9924
18,31,76.023,1266,9924
19,27,76.081,1266,9924
20,23,76.223,1266,9924
1,81,68.662,1267,9916
2,4,68.674,1267,9916
3,1,68.925,1267,9916
4,6,69.208,1267,9916
5,63,69.255,1267,9916
6,16,69.34,1267,9916
7,44,69.39,1267,9916
8,30,69.5,1267,9916
9,55,69.505,1267,9916
10,14,69.63,1267,9916
11,12,69.493,1267,9916
12,22,69.622,1267,9916
13,5,69.622,1267,9916
14,10,69.637,1267,9916
15,23,69.652,1267,9916
16,43,70.104,1267,9916
17,27,70.195,1267,9916
18,31,70.197,1267,9916
19,87,70.262,1267,9916
20,18,,1267,9916
1,1,101.117,1269,9900
2,55,101.595,1269,9900
3,30,101.707,1269,9900
4,12,101.717,1269,9900
5,63,102.07,1269,9900
6,22,102.143,1269,9900
7,4,102.239,1269,9900
8,6,102.372,1269,9900
9,81,,1269,9900
10,16,,1269,9900
11,14,101.857,1269,9900
12,44,102.183,1269,9900
13,5,102.277,1269,9900
14,18,103.061,1269,9900
15,87,,1269,9900
16,43,102.779,1269,9900
17,27,102.916,1269,9900
18,10,103.139,1269,9900
19,23,103.778,1269,9900
20,31,,1269,9900
1,63,89.158,1270,9892
2,1,89.34,1270,9892
3,81,89.524,1270,9892
4,12,89.537,1270,9892
5,4,89.586,1270,9892
6,44,89.688,1270,9892
7,16,89.784,1270,9892
8,6,89.846,1270,9892
9,87,89.868,1270,9892
10,14,89.955,1270,9892
11,27,90.141,1270,9892
12,30,90.32,1270,9892
13,22,90.353,1270,9892
14,5,90.82,1270,9892
15,18,90.949,1270,9892
16,43,90.982,1270,9892
17,31,90.989,1270,9892
18,10,91.261,1270,9892
19,55,,1270,9892
20,23,,1270,9892
1,1,92.51,1271,9884
2,4,92.801,1271,9884
3,16,92.807,1271,9884
4,63,92.826,1271,9884
5,44,92.912,1271,9884
6,81,93.084,1271,9884
7,12,93.114,1271,9884
8,87,93.139,1271,9884
9,55,93.15,1271,9884
10,14,93.16,1271,9884
11,27,93.334,1271,9884
12,30,93.36,1271,9884
13,22,93.466,1271,9884
14,10,93.651,1271,9884
15,43,94.044,1271,9884
16,5,94.125,1271,9884
17,31,94.136,1271,9884
18,23,94.69,1271,9884
19,18,94.54,1271,9884
20,6,,1271,9884
1,4,75.586,1272,9873
2,16,75.848,1272,9873
3,44,75.938,1272,9873
4,63,76.034,1272,9873
5,1,76.07,1272,9873
6,12,76.118,1272,9873
7,81,76.174,1272,9873
8,6,76.252,1272,9873
9,87,76.46,1272,9873
10,22,76.816,1272,9873
11,31,76.837,1272,9873
12,55,76.172,1272,9873
13,27,77.016,1272,9873
14,14,77.103,1272,9873
15,30,78.072,1272,9873
16,5,77.412,1272,9873
17,23,77.49,1272,9873
18,10,77.546,1272,9873
19,18,77.606,1272,9873
20,43,77.67,1272,9873
1,4,69.511,1273,9865
2,12,69.685,1273,9865
3,16,69.805,1273,9865
4,81,69.886,1273,9865
5,6,69.931,1273,9865
6,63,69.942,1273,9865
7,30,69.962,1273,9865
8,87,69.977,1273,9865
9,10,70.002,1273,9865
10,27,70.039,1273,9865
11,14,70.001,1273,9865
12,23,70.053,1273,9865
13,44,70.1,1273,9865
14,18,70.161,1273,9865
15,55,70.472,1273,9865
16,1,70.403,1273,9865
17,31,70.438,1273,9865
18,43,70.632,1273,9865
19,22,70.711,1273,9865
20,5,,1273,9865
1,4,107.934,1274,9854
2,1,108.257,1274,9854
3,55,108.296,1274,9854
4,63,108.803,1274,9854
5,81,108.961,1274,9854
6,30,109.062,1274,9854
7,14,109.466,1274,9854
8,6,109.554,1274,9854
9,16,109.872,1274,9854
10,10,111.54,1274,9854
11,27,112.781,1274,9854
12,18,112.85,1274,9854
13,31,112.987,1274,9854
14,87,113.094,1274,9854
15,43,113.683,1274,9854
16,23,116.22,1274,9854
17,12,116.314,1274,9854
18,5,116.674,1274,9854
19,44,117.115,1274,9854
20,22,116.798,1274,9854
1,81,79.387,1275,9846
2,4,79.495,1275,9846
3,1,79.651,1275,9846
4,63,79.662,1275,9846
5,12,79.846,1275,9846
6,6,80.114,1275,9846
7,55,80.287,1275,9846
8,14,80.418,1275,9846
9,10,80.477,1275,9846
10,16,80.561,1275,9846
11,27,80.353,1275,9846
12,30,80.433,1275,9846
13,87,80.438,1275,9846
14,23,80.629,1275,9846
15,22,80.761,1275,9846
16,31,80.864,1275,9846
17,44,80.907,1275,9846
18,18,81.058,1275,9846
19,5,80.534,1275,9846
20,43,81.137,1275,9846
1,1,82.207,1276,9835
2,4,82.408,1276,9835
3,81,82.437,1276,9835
4,63,82.645,1276,9835
5,16,82.73,1276,9835
6,14,82.902,1276,9835
7,5,82.904,1276,9835
8,31,82.913,1276,9835
9,6,83.072,1276,9835
10,22,,1276,9835
11,87,83.041,1276,9835
12,55,83.042,1276,9835
13,30,83.077,1276,9835
14,12,83.08,1276,9835
15,18,83.097,1276,9835
16,44,83.394,1276,9835
17,23,83.416,1276,9835
18,27,83.45,1276,9835
19,10,83.468,1276,9835
20,43,83.89,1276,9835
